city,country,date,temperature_avg,temperature_min,temperature_max,precipitation,wind_speed,pressure,no2,o3,pm10,pm25
Seoul,KR,2025-04-01,10.3,3.9,16.8,0.0,6.5,1022.1,0.0361,0.0374,49.7,30.6
Seoul,KR,2025-04-02,8.5,5.2,14.4,2.2,8.4,1018.7,0.0259,0.0403,42.5,27.2
Seoul,KR,2025-04-03,10.2,3.6,16.7,0.0,8.6,1019.5,0.0292,0.041,45.0,29.2
Seoul,KR,2025-04-04,11.2,6.0,16.1,0.0,7.6,1019.0,0.0232,0.0344,26.7,17.3
Seoul,KR,2025-04-05,7.7,7.6,9.5,24.1,6.7,1012.1,0.0144,0.046,30.8,16.1
Seoul,KR,2025-04-06,9.9,6.9,15.5,0.0,9.6,1013.9,0.0225,0.0507,53.8,25.3
Seoul,KR,2025-04-07,14.9,5.5,20.0,0.0,9.8,1015.6,0.0189,0.0566,62.2,26.2
Seoul,KR,2025-04-08,13.1,10.7,18.4,0.8,11.3,1012.9,0.0328,0.0309,45.3,24.0
Seoul,KR,2025-04-09,12.8,8.4,15.1,1.2,6.4,1011.2,0.0193,0.041,49.1,32.0
Seoul,KR,2025-04-10,12.9,8.7,17.1,0.0,8.0,1007.2,0.0307,0.033,57.9,36.2
Seoul,KR,2025-04-11,17.4,8.1,22.8,0.0,6.5,1009.7,0.0258,0.0339,40.3,22.8
Seoul,KR,2025-04-12,9.8,8.7,18.6,12.3,10.9,1005.8,0.00974,0.0372,42.6,7.92
Seoul,KR,2025-04-13,5.3,1.1,7.4,9.9,20.1,1000.0,0.0193,0.0296,18.0,7.71
Seoul,KR,2025-04-14,4.5,3.3,5.7,13.5,9.4,997.9,0.0165,0.0335,25.8,13.9
Seoul,KR,2025-04-15,9.3,2.3,12.5,0.0,9.1,1005.8,0.0243,0.0428,44.9,23.8
Seoul,KR,2025-04-16,17.4,6.4,20.7,1.6,7.9,1007.7,0.0235,0.0525,60.7,22.8
Seoul,KR,2025-04-17,19.9,15.8,22.3,,10.3,1005.7,0.0256,0.0467,68.1,30.2
Seoul,KR,2025-04-18,18.3,15.4,20.3,,12.2,1008.0,0.0156,0.0276,42.1,20.0
Seoul,KR,2025-04-19,13.8,12.1,17.2,,8.6,1009.4,0.0139,0.0343,22.6,12.4
Seoul,KR,2025-04-20,18.1,9.5,20.3,,9.5,1010.2,0.0234,0.0258,28.2,13.5
Seoul,KR,2025-04-21,21.9,14.2,22.6,,8.4,1013.7,0.0177,0.0178,19.2,9.17
Seoul,KR,2025-04-22,15.6,12.8,19.1,,9.0,1009.6,0.0173,0.0387,17.3,6.0
Seoul,KR,2025-04-23,16.8,10.9,22.0,0.0,9.0,1006.1,0.0191,0.0433,47.4,23.8
Seoul,KR,2025-04-24,13.6,11.2,20.1,0.0,10.3,1008.5,0.0135,0.039,55.1,23.7
Seoul,KR,2025-04-25,12.4,7.3,17.2,0.0,12.0,1015.1,0.0186,0.0379,38.1,9.64
Seoul,KR,2025-04-26,14.6,7.2,19.6,0.0,10.0,1017.6,0.0158,0.0436,28.2,6.5
Seoul,KR,2025-04-27,14.8,10.9,18.7,0.0,11.6,1014.7,0.0161,0.0429,36.1,11.0
Seoul,KR,2025-04-28,14.8,10.4,20.1,0.0,10.4,1010.1,0.0224,0.0351,38.3,20.4
Seoul,KR,2025-04-29,15.2,8.2,20.5,0.0,7.7,1012.1,0.0284,0.0388,43.7,17.2
Seoul,KR,2025-04-30,20.1,10.0,25.4,0.0,10.1,1012.5,0.0204,0.0395,34.4,13.2
Seoul,KR,2025-05-01,12.4,12.2,17.4,23.1,10.0,1006.8,0.0132,0.041,25.9,7.86
Seoul,KR,2025-05-02,13.7,8.2,16.9,0.0,10.5,1009.9,0.0149,0.0377,19.6,6.5
Seoul,KR,2025-05-03,10.7,10.1,13.3,9.2,9.1,1008.5,0.0159,0.0413,34.8,9.13
Seoul,KR,2025-05-04,13.9,8.2,19.3,0.0,12.3,1011.6,0.0184,0.0341,28.5,9.26
Seoul,KR,2025-05-05,12.0,9.6,15.5,1.9,7.1,1012.3,0.0148,0.0355,20.1,5.39
Seoul,KR,2025-05-06,14.7,8.5,19.0,0.0,9.0,1007.2,0.0182,0.0408,31.3,11.0
Seoul,KR,2025-05-07,14.9,10.2,20.2,0.0,7.4,1012.5,0.0221,0.0333,41.5,14.0
Seoul,KR,2025-05-08,19.2,9.7,23.3,0.0,6.9,1016.2,0.0239,0.0267,49.8,12.0
Seoul,KR,2025-05-09,14.2,14.7,17.4,19.5,13.2,1006.1,0.0165,0.0352,25.4,14.7
Seoul,KR,2025-05-10,11.8,11.8,15.0,5.5,16.1,999.4,0.0162,0.0486,57.0,27.0
Seoul,KR,2025-05-11,14.5,11.4,17.6,0.5,8.2,1005.6,0.0225,0.0448,49.0,26.3
Seoul,KR,2025-05-12,18.2,9.8,22.4,0.0,7.9,1009.3,0.0283,0.0432,45.3,23.4
Seoul,KR,2025-05-13,20.2,13.3,25.2,0.0,9.1,1013.4,0.0255,0.0469,41.8,20.9
Seoul,KR,2025-05-14,22.1,14.1,26.2,0.2,9.4,1014.9,0.0192,0.03,35.0,16.5
Seoul,KR,2025-05-15,19.2,16.9,20.9,3.5,9.5,1013.6,0.023,0.0111,42.5,18.2
Seoul,KR,2025-05-16,18.9,17.9,20.9,11.5,6.4,1012.3,0.0145,0.0276,23.0,5.83
Seoul,KR,2025-05-17,16.9,16.0,23.2,6.0,9.5,1005.3,0.0088,0.039,36.7,11.3
Seoul,KR,2025-05-18,15.3,11.8,20.1,0.0,9.9,1010.5,0.021,0.034,38.8,14.3
Seoul,KR,2025-05-19,17.9,10.5,21.2,0.1,10.5,1006.2,0.0168,0.0234,21.4,7.5
Seoul,KR,2025-05-20,23.8,17.4,25.3,0.3,9.7,1007.1,0.0127,0.0282,19.4,8.0
Seoul,KR,2025-05-21,24.8,22.1,28.7,0.2,7.3,1006.7,0.0179,0.0327,29.2,11.0
Seoul,KR,2025-05-22,23.4,20.9,27.2,0.0,7.3,1006.5,0.0205,0.0284,37.0,16.3
Seoul,KR,2025-05-23,17.7,17.3,21.1,0.5,11.6,1010.2,0.0137,0.0335,26.2,10.8
Seoul,KR,2025-05-24,15.3,13.0,17.4,1.5,12.3,1009.7,0.0112,0.0398,21.5,9.46
Seoul,KR,2025-05-25,17.8,11.7,22.5,0.0,8.1,1013.5,0.022,0.0488,41.2,20.5
Seoul,KR,2025-05-26,20.2,13.0,26.2,0.0,6.3,1016.3,0.0229,0.0619,52.1,32.1
Seoul,KR,2025-05-27,21.1,14.7,27.0,0.0,7.3,1017.2,0.0228,0.0552,53.7,39.3
Seoul,KR,2025-05-28,20.6,16.4,26.1,1.8,6.2,1017.3,0.0184,0.055,38.6,24.4
Seoul,KR,2025-05-29,21.6,15.3,26.3,0.3,7.2,1015.2,0.0217,0.0461,38.1,24.9
Seoul,KR,2025-05-30,22.2,16.6,27.9,0.0,6.3,1012.4,0.0197,0.0584,38.6,25.7
Seoul,KR,2025-05-31,21.7,16.4,26.4,0.0,6.6,1010.8,0.0173,0.0613,51.2,37.0
Seoul,KR,2025-06-01,23.2,17.0,28.0,0.0,7.1,1009.2,0.0288,0.0349,51.7,34.0
Seoul,KR,2025-06-02,21.0,18.7,22.1,1.0,5.4,1004.1,0.0128,0.0491,41.7,22.3
Seoul,KR,2025-06-03,19.9,17.9,25.2,0.1,11.1,999.5,0.0143,0.0441,28.5,6.29
Seoul,KR,2025-06-04,20.6,15.2,25.4,0.1,13.1,1003.2,0.0208,0.0456,25.8,9.71
Seoul,KR,2025-06-05,22.4,15.6,26.8,0.0,8.6,1009.8,0.0198,0.0502,29.7,12.2
Seoul,KR,2025-06-06,24.7,17.7,29.5,0.0,9.6,1007.9,0.0145,0.0471,40.3,20.5
Seoul,KR,2025-06-07,23.9,19.8,26.5,0.1,8.7,1007.8,0.0108,0.0374,28.0,15.2
Seoul,KR,2025-06-08,25.3,21.3,30.0,0.1,7.0,1007.2,0.0158,0.0568,32.3,17.1
Seoul,KR,2025-06-09,23.6,22.0,29.4,0.1,8.8,1006.7,0.0169,0.0368,19.4,9.79
Seoul,KR,2025-06-10,20.7,19.5,24.1,0.6,10.0,1006.3,0.0163,0.0465,26.9,12.0
Seoul,KR,2025-06-11,23.6,15.9,28.5,0.0,10.3,1010.7,0.0235,0.0589,34.1,20.0
Seoul,KR,2025-06-12,26.4,18.8,31.6,0.0,6.9,1013.3,0.0296,0.0573,43.3,26.9
Seoul,KR,2025-06-13,23.5,21.3,29.4,0.0,6.6,1012.4,0.0197,0.0453,24.7,15.0
Seoul,KR,2025-06-14,26.1,20.3,30.2,0.0,8.2,1002.4,0.0136,0.0387,24.8,14.6
Seoul,KR,2025-06-15,26.2,21.7,30.7,6.5,7.9,998.7,0.0157,0.0394,31.3,15.5
Seoul,KR,2025-06-16,22.8,22.1,25.1,13.6,11.7,997.2,0.0177,0.0691,39.9,18.8
Seoul,KR,2025-06-17,24.9,21.1,28.7,0.0,11.0,1003.6,0.02,0.0634,39.1,21.3
Seoul,KR,2025-06-18,25.7,21.2,29.7,0.0,7.8,1009.9,0.026,0.0434,33.5,16.5
Seoul,KR,2025-06-19,28.8,21.1,31.6,1.0,6.3,1011.6,0.00996,0.0113,9.52,3.86
Seoul,KR,2025-06-20,22.9,22.6,27.7,57.6,14.9,1004.4,0.014,0.0268,19.6,12.1
Seoul,KR,2025-06-21,21.5,20.7,23.2,2.4,9.7,1003.4,0.0144,0.0505,29.2,13.7
Seoul,KR,2025-06-22,23.7,18.1,28.3,0.0,8.2,1005.9,0.02,0.0536,31.3,19.0
Seoul,KR,2025-06-23,27.2,19.4,31.2,0.0,5.8,1006.8,0.022,0.0262,23.1,9.88
Seoul,KR,2025-06-24,23.8,23.3,28.5,10.4,8.2,1007.2,0.0192,0.0251,11.5,3.79
Seoul,KR,2025-06-25,20.9,19.5,22.6,6.1,9.4,1006.0,0.0162,0.0242,14.8,7.57
Seoul,KR,2025-06-26,22.4,19.9,25.7,0.2,7.2,1008.3,0.024,0.0277,24.8,13.4
Seoul,KR,2025-06-27,25.9,21.1,28.3,0.5,5.1,1008.1,0.0178,0.0166,27.4,16.7
Seoul,KR,2025-06-28,26.3,24.5,27.4,8.8,5.7,1006.9,0.0105,0.0221,15.9,8.29
Seoul,KR,2025-06-29,27.3,24.9,30.2,1.0,8.0,1007.2,0.0131,0.0136,11.3,5.0
Seoul,KR,2025-06-30,28.4,25.6,30.5,0.6,8.6,1009.7,0.0117,0.0108,12.3,4.08
